日付,部位,種目,セット,重量kg,回数,RIR
2026-06-02,脚,バーベルスクワット,1,85,6,
2026-06-02,脚,バーベルスクワット,2,85,4,
2026-06-02,脚,バーベルスクワット,3,80,4,
2026-06-02,背中,ベントオーバーロー,1,60,10,
2026-06-02,背中,ベントオーバーロー,2,60,8,
2026-06-02,背中,ベントオーバーロー,3,60,8,
2026-06-02,背中,ベントオーバーロー,4,50,10,
2026-06-02,背中,Tバーロー,1,60,7,
2026-06-02,背中,Tバーロー,2,50,9,
2026-06-02,背中,Tバーロー,3,50,7,
2026-06-02,背中,Tバーロー,4,50,7,
2026-06-02,背中,プレートローディットプルダウン,1,35,12,
2026-06-02,背中,プレートローディットプルダウン,2,35,9,
2026-06-02,背中,プレートローディットプルダウン,3,35,9,
2026-06-02,背中,プレートローディットプルダウン,4,30,10,
2026-06-02,背中,荷重チンニング,1,70,8,
2026-06-02,背中,荷重チンニング,2,70,6,
2026-06-02,背中,荷重チンニング,3,70,4,
2026-06-02,背中,荷重チンニング,4,60,8,
2026-06-08,腕,ケーブルトライセプスエクステンション,1,40,8,
2026-06-08,腕,ケーブルトライセプスエクステンション,2,40,6,
2026-06-08,腕,ケーブルトライセプスエクステンション,3,35,9,
2026-06-08,腕,ケーブルトライセプスエクステンション,4,35,8,
2026-06-08,腕,オーバーヘッドエクステンション,1,25,11,
2026-06-08,腕,オーバーヘッドエクステンション,2,25,8,
2026-06-08,腕,オーバーヘッドエクステンション,3,25,4,
2026-06-08,腕,オーバーヘッドエクステンション,4,20,7,
2026-06-08,胸,足座るところ4.5見えるシート5ペックフライ,1,40,9,
2026-06-08,胸,足座るところ4.5見えるシート5ペックフライ,2,40,6,
2026-06-08,胸,足座るところ4.5見えるシート5ペックフライ,3,35,9,
2026-06-08,胸,足座るところ4.5見えるシート5ペックフライ,4,35,7,
2026-06-08,胸,インクラインダンベルプレス,1,26,7,
2026-06-08,胸,インクラインダンベルプレス,2,26,5,
2026-06-08,胸,インクラインダンベルプレス,3,20,7,
2026-06-08,胸,インクラインダンベルプレス,4,26,6,
2026-06-08,胸,ベンチプレス,1,80,10,
2026-06-08,胸,ベンチプレス,2,80,5,
2026-06-08,胸,ベンチプレス,3,80,5,
2026-06-08,胸,ベンチプレス,4,75,10,
2026-06-09,脚,バーベルスクワット,1,87.5,6,
2026-06-09,脚,バーベルスクワット,2,90,3,
2026-06-09,脚,バーベルスクワット,3,90,8,
2026-06-09,背中,ベントオーバーロー,1,60,10,
2026-06-09,背中,ベントオーバーロー,2,60,9,
2026-06-09,背中,ベントオーバーロー,3,50,9,
2026-06-09,背中,ベントオーバーロー,4,50,8,
2026-06-09,背中,Tバーロー,1,55,9,
2026-06-09,背中,Tバーロー,2,55,7,
2026-06-09,背中,Tバーロー,3,50,8,
2026-06-09,背中,Tバーロー,4,50,6,
2026-06-09,背中,プレートローディットプルダウン,1,35,12,
2026-06-09,背中,プレートローディットプルダウン,2,35,9,
2026-06-09,背中,プレートローディットプルダウン,3,35,8,
2026-06-09,背中,プレートローディットプルダウン,4,30,10,
2026-06-09,背中,荷重チンニング,1,70,8,
2026-06-09,背中,荷重チンニング,2,70,5,
2026-06-09,背中,荷重チンニング,3,60,8,
2026-06-09,背中,荷重チンニング,4,70,5,
2026-06-10,腕,プリーチャーezバーカール,1,30,10,
2026-06-10,腕,プリーチャーezバーカール,2,30,7,
2026-06-10,腕,プリーチャーezバーカール,3,30,3,
2026-06-10,肩,座ってやるサイドレイズ,1,6,12,
2026-06-10,肩,座ってやるサイドレイズ,2,6,10,
2026-06-10,肩,座ってやるサイドレイズ,3,6,12,
2026-06-10,肩,リアデルト,1,35,11,
2026-06-10,肩,リアデルト,2,35,11,
2026-06-10,肩,リアデルト,3,35,9,
2026-06-10,肩,リアデルト,4,30,11,
2026-06-10,肩,リアデルト,5,30,9,
2026-06-10,肩,アップライトロー,1,40,9,
2026-06-10,肩,アップライトロー,2,40,5,
2026-06-10,肩,アップライトロー,3,35,7,
2026-06-10,肩,アップライトロー,4,35,20,
2026-06-10,肩,シート高3手高3マシンショルダープレス,1,58,7,
2026-06-10,肩,シート高3手高3マシンショルダープレス,2,58,5,
2026-06-10,肩,シート高3手高3マシンショルダープレス,3,58,4,
2026-06-10,肩,シート高3手高3マシンショルダープレス,4,48,7,
2026-06-10,肩,ミリタリープレス,1,50,6,
2026-06-10,肩,ミリタリープレス,2,50,4,
2026-06-10,肩,ミリタリープレス,3,50,4,
2026-06-10,肩,ミリタリープレス,4,45,6,
2026-06-13,腹,アブドミナル,1,1,50,
2026-06-13,腕,ケーブルトライセプスエクステンション,1,40,10,
2026-06-13,腕,ケーブルトライセプスエクステンション,2,40,7,
2026-06-13,腕,ケーブルトライセプスエクステンション,3,40,7,
2026-06-13,腕,ケーブルトライセプスエクステンション,4,40,6,
2026-06-13,腕,オーバーヘッドエクステンション,1,30,3,
2026-06-13,腕,オーバーヘッドエクステンション,2,25,6,
2026-06-13,腕,オーバーヘッドエクステンション,3,25,4,
2026-06-13,腕,オーバーヘッドエクステンション,4,20,7,
2026-06-13,胸,足座るところ4.5見えるシート5ペックフライ,1,40,9,
2026-06-13,胸,足座るところ4.5見えるシート5ペックフライ,2,40,7,
2026-06-13,胸,足座るところ4.5見えるシート5ペックフライ,3,40,6,
2026-06-13,胸,足座るところ4.5見えるシート5ペックフライ,4,35,7,
2026-06-13,胸,足座るところ4.5見えるシート5ペックフライ,5,35,7,
2026-06-13,胸,シート5手4マシンインクラインプレス,1,66,7,
2026-06-13,胸,シート5手4マシンインクラインプレス,2,66,4,
2026-06-13,胸,シート5手4マシンインクラインプレス,3,66,10,
2026-06-13,胸,シート5手4マシンインクラインプレス,4,66,6,
2026-06-13,胸,ベンチプレス,1,85,6,
2026-06-13,胸,ベンチプレス,2,85,4,
2026-06-13,胸,ベンチプレス,3,85,4,
2026-06-13,胸,ベンチプレス,4,80,6,
2026-06-16,脚,バーベルスクワット,1,90,5,
2026-06-16,脚,バーベルスクワット,2,90,4,
2026-06-16,脚,バーベルスクワット,3,80,6,
2026-06-16,背中,ベントオーバーロー,1,60,10,
2026-06-16,背中,ベントオーバーロー,2,60,8,
2026-06-16,背中,ベントオーバーロー,3,60,10,
2026-06-16,背中,ベントオーバーロー,4,60,10,
2026-06-16,背中,アシストチンニング,1,25,7,
2026-06-16,背中,アシストチンニング,2,25,7,
2026-06-16,背中,アシストチンニング,3,30,7,
2026-06-16,背中,アシストチンニング,4,30,8,
2026-06-16,背中,プレートローディットプルダウン,1,35,13,
2026-06-16,背中,プレートローディットプルダウン,2,35,9,
2026-06-16,背中,プレートローディットプルダウン,3,35,8,
2026-06-16,背中,プレートローディットプルダウン,4,30,8,
2026-06-16,背中,Tバーロー,1,65,12,
2026-06-16,背中,Tバーロー,2,65,8,
2026-06-16,背中,Tバーロー,3,65,7,
2026-06-16,背中,Tバーロー,4,60,8,
2026-06-18,腕,ダンベルカール,1,12,12,
2026-06-18,腕,ダンベルカール,2,12,12,
2026-06-18,腕,ダンベルカール,3,12,12,
2026-06-18,腕,ダンベルカール,4,12,12,
2026-06-18,肩,フェイスプル,1,15,15,
2026-06-18,肩,フェイスプル,2,15,11,
2026-06-18,肩,フェイスプル,3,15,10,
2026-06-18,肩,フェイスプル,4,15,15,
2026-06-18,肩,座ってやるサイドレイズ,1,6,15,
2026-06-18,肩,座ってやるサイドレイズ,2,6,11,
2026-06-18,肩,座ってやるサイドレイズ,3,6,15,
2026-06-18,肩,座ってやるサイドレイズ,4,6,15,
2026-06-18,肩,アップライトロー,1,40,10,
2026-06-18,肩,アップライトロー,2,40,8,
2026-06-18,肩,アップライトロー,3,40,6,
2026-06-18,肩,アップライトロー,4,35,8,
2026-06-18,肩,ミリタリープレス,1,40,7,
2026-06-18,肩,ミリタリープレス,2,40,5,
2026-06-18,肩,ミリタリープレス,3,40,4,
2026-06-18,肩,ミリタリープレス,4,35,6,
2026-06-18,肩,ダンベルショルダープレス,1,22,12,
2026-06-18,肩,ダンベルショルダープレス,2,22,8,
2026-06-18,肩,ダンベルショルダープレス,3,22,6,
2026-06-18,肩,ダンベルショルダープレス,4,20,6,
2026-06-20,腕,ケーブルトライセプスエクステンション,1,40,8,
2026-06-20,腕,ケーブルトライセプスエクステンション,2,35,12,
2026-06-20,腕,ケーブルトライセプスエクステンション,3,35,8,
2026-06-20,腕,ケーブルトライセプスエクステンション,4,35,8,
2026-06-20,腕,オーバーヘッドエクステンション,1,30,5,
2026-06-20,腕,オーバーヘッドエクステンション,2,25,7,
2026-06-20,腕,オーバーヘッドエクステンション,3,25,5,
2026-06-20,腕,オーバーヘッドエクステンション,4,20,8,
2026-06-20,胸,ケーブルチェスト,1,60,8,
2026-06-20,胸,ケーブルチェスト,2,60,7,
2026-06-20,胸,ケーブルチェスト,3,50,8,
2026-06-20,胸,ケーブルチェスト,4,50,8,
2026-06-20,胸,インクラインダンベルプレス,1,26,5,
2026-06-20,胸,インクラインダンベルプレス,2,22,6,
2026-06-20,胸,インクラインダンベルプレス,3,22,4,
2026-06-20,胸,マシンシーテッド手5チェストプレス,1,66,5,
2026-06-20,胸,マシンシーテッド手5チェストプレス,2,66,4,
2026-06-20,胸,マシンシーテッド手5チェストプレス,3,56,5,
2026-06-20,胸,マシンシーテッド手5チェストプレス,4,46,7,
2026-06-20,胸,ベンチプレス,1,80,8,
2026-06-20,胸,ベンチプレス,2,80,5,
2026-06-20,胸,ベンチプレス,3,80,5,
2026-06-20,腹,アブドミナル,1,55,15,
2026-06-20,腹,アブドミナル,2,55,7,
2026-06-20,腹,アブドミナル,3,55,5,
2026-06-20,腹,アブドミナル,4,50,7,
2026-06-22,背中,Tバーロー,1,65,4,
2026-06-22,背中,Tバーロー,2,55,7,
2026-06-22,背中,Tバーロー,3,55,7,
2026-06-22,背中,Tバーロー,4,55,6,
2026-06-22,背中,プレートローディットプルダウン,1,35,12,
2026-06-22,背中,プレートローディットプルダウン,2,35,9,
2026-06-22,背中,プレートローディットプルダウン,3,35,7,
2026-06-22,背中,プレートローディットプルダウン,4,30,10,
2026-06-22,背中,荷重チンニング,1,70,8,
2026-06-22,背中,荷重チンニング,2,70,6,
2026-06-22,背中,荷重チンニング,3,70,4,
2026-06-22,背中,荷重チンニング,4,60,7,
2026-06-24,脚,バーベルスクワット,1,90,6,
2026-06-24,脚,バーベルスクワット,2,90,3,
2026-06-24,脚,バーベルスクワット,3,80,8,
2026-06-24,胸,マシンシーテッド手5チェストプレス,1,56,6,
2026-06-24,胸,マシンシーテッド手5チェストプレス,2,56,5,
2026-06-24,胸,マシンシーテッド手5チェストプレス,3,46,6,
2026-06-24,胸,マシンシーテッド手5チェストプレス,4,46,5,
2026-06-24,胸,シート5手4マシンインクラインプレス,1,66,7,
2026-06-24,胸,シート5手4マシンインクラインプレス,2,66,4,
2026-06-24,胸,シート5手4マシンインクラインプレス,3,56,5,
2026-06-24,胸,シート5手4マシンインクラインプレス,4,46,7,
2026-06-24,胸,ベンチプレス,1,80,10,
2026-06-24,胸,ベンチプレス,2,85,4,
2026-06-24,胸,ベンチプレス,3,85,3,
2026-06-24,胸,ベンチプレス,4,80,4,
2026-06-24,胸,ベンチプレス,5,70,10,
2026-06-25,肩,リアデルト,1,35,5,
2026-06-25,肩,フェイスプル,1,15,15,
2026-06-25,肩,フェイスプル,2,15,14,
2026-06-25,肩,フェイスプル,3,15,13,
2026-06-25,肩,フェイスプル,4,15,10,
2026-06-25,肩,フェイスプル,5,15,10,
2026-06-25,腕,プリーチャーezバーカール,1,30,10,
2026-06-25,腕,プリーチャーezバーカール,2,30,6,
2026-06-25,腕,プリーチャーezバーカール,3,30,10,
2026-06-25,肩,座ってやるサイドレイズ,1,6,17,
2026-06-25,肩,座ってやるサイドレイズ,2,6,10,
2026-06-25,肩,座ってやるサイドレイズ,3,6,9,
2026-06-25,肩,座ってやるサイドレイズ,4,6,10,
2026-06-25,肩,アップライトロー,1,40,10,
2026-06-25,肩,アップライトロー,2,40,8,
2026-06-25,肩,アップライトロー,3,40,6,
2026-06-25,肩,アップライトロー,4,40,6,
2026-06-25,肩,ミリタリープレス,1,45,4,
2026-06-25,肩,ミリタリープレス,2,45,3,
2026-06-25,肩,ミリタリープレス,3,40,4,
2026-06-25,肩,ミリタリープレス,4,40,4,
2026-06-25,肩,ダンベルショルダープレス,1,22,11,
2026-06-25,肩,ダンベルショルダープレス,2,22,8,
2026-06-25,肩,ダンベルショルダープレス,3,22,5,
2026-06-25,肩,ダンベルショルダープレス,4,20,7,
2026-06-27,腕,ケーブルトライセプスエクステンション,1,40,10,
2026-06-27,腕,ケーブルトライセプスエクステンション,2,40,9,
2026-06-27,腕,ケーブルトライセプスエクステンション,3,40,8,
2026-06-27,腕,ケーブルトライセプスエクステンション,4,35,10,
2026-06-27,腕,オーバーヘッドエクステンション,1,30,6,
2026-06-27,腕,オーバーヘッドエクステンション,2,30,5,
2026-06-27,腕,オーバーヘッドエクステンション,3,22.5,7,
2026-06-27,腕,オーバーヘッドエクステンション,4,22.5,6,
2026-06-27,背中,ベントオーバーロー,1,60,11,
2026-06-27,背中,ベントオーバーロー,2,60,8,
2026-06-27,背中,ベントオーバーロー,3,60,10,
2026-06-27,背中,ベントオーバーロー,4,50,10,
2026-06-27,背中,Tバーロー,1,55,9,
2026-06-27,背中,Tバーロー,2,55,6,
2026-06-27,背中,Tバーロー,3,50,8,
2026-06-27,背中,Tバーロー,4,50,9,
2026-06-27,背中,プレートローディットプルダウン,1,35,12,
2026-06-27,背中,プレートローディットプルダウン,2,35,8,
2026-06-27,背中,プレートローディットプルダウン,3,35,7,
2026-06-27,背中,プレートローディットプルダウン,4,30,8,
2026-06-27,背中,荷重チンニング,1,70,8,
2026-06-27,背中,荷重チンニング,2,70,6,
2026-06-27,背中,荷重チンニング,3,70,3,
2026-06-27,背中,荷重チンニング,4,60,7,
2026-07-02,胸,ケーブルチェスト,1,60,6,
2026-07-02,胸,ケーブルチェスト,2,50,10,
2026-07-02,胸,ケーブルチェスト,3,50,9,
2026-07-02,胸,インクラインダンベルプレス,1,22,4,
2026-07-02,胸,インクラインダンベルプレス,2,18,7,
2026-07-02,胸,インクラインダンベルプレス,3,18,6,
2026-07-02,胸,シート5手4マシンインクラインプレス,1,66,5,
2026-07-02,胸,シート5手4マシンインクラインプレス,2,66,3,
2026-07-02,胸,シート5手4マシンインクラインプレス,3,46,9,
2026-07-02,胸,シート5手4マシンインクラインプレス,4,46,6,
2026-07-02,胸,ベンチプレス,1,90,4,
2026-07-02,胸,ベンチプレス,2,90,2,
2026-07-02,胸,ベンチプレス,3,80,6,
2026-07-02,胸,ベンチプレス,4,80,4,
2026-07-03,脚,バーベルスクワット,1,95,4,
2026-07-03,脚,バーベルスクワット,2,95,2,
2026-07-03,脚,バーベルスクワット,3,90,8,
2026-07-03,肩,座ってやるサイドレイズ,1,6,14,
2026-07-03,肩,座ってやるサイドレイズ,2,6,10,
2026-07-03,肩,座ってやるサイドレイズ,3,6,8,
2026-07-03,肩,座ってやるサイドレイズ,4,6,8,
2026-07-03,肩,フェイスプル,1,15,16,
2026-07-03,肩,フェイスプル,2,15,11,
2026-07-03,肩,フェイスプル,3,15,12,
2026-07-03,肩,フェイスプル,4,15,10,
2026-07-03,肩,アップライトロー,1,40,10,
2026-07-03,肩,アップライトロー,2,40,8,
2026-07-03,肩,アップライトロー,3,40,7,
2026-07-03,肩,アップライトロー,4,40,6,
2026-07-03,肩,ミリタリープレス,1,45,5,
2026-07-03,肩,ミリタリープレス,2,45,3,
2026-07-03,肩,ミリタリープレス,3,45,7,
2026-07-03,肩,ミリタリープレス,4,40,5,
2026-07-03,肩,ダンベルショルダープレス,1,24,8,
2026-07-03,肩,ダンベルショルダープレス,2,24,8,
2026-07-03,肩,ダンベルショルダープレス,3,24,4,
2026-07-03,肩,ダンベルショルダープレス,4,18,8,
2026-07-05,腕,ケーブルトライセプスエクステンション,1,40,10,
2026-07-05,腕,ケーブルトライセプスエクステンション,2,40,7,
2026-07-05,腕,ケーブルトライセプスエクステンション,3,40,7,
2026-07-05,腕,ケーブルトライセプスエクステンション,4,35,10,
2026-07-05,腕,オーバーヘッドエクステンション,1,30,7,
2026-07-05,腕,オーバーヘッドエクステンション,2,30,5,
2026-07-05,腕,オーバーヘッドエクステンション,3,25,6,
2026-07-05,腕,オーバーヘッドエクステンション,4,25,5,
2026-07-05,背中,プレートローディットプルダウン,1,35,10,
2026-07-05,背中,荷重チンニング,1,60,13,
2026-07-05,背中,荷重チンニング,2,60,8,
2026-07-05,背中,荷重チンニング,3,60,6,
2026-07-05,背中,荷重チンニング,4,60,4,
2026-07-07,脚,バーベルスクワット,1,90,4,
2026-07-07,脚,バーベルスクワット,2,90,3,
2026-07-07,脚,バーベルスクワット,3,80,4,
2026-07-07,胸,足座るところ4.5見えるシート5ペックフライ,1,40,8,
2026-07-07,胸,足座るところ4.5見えるシート5ペックフライ,2,40,6,
2026-07-07,胸,足座るところ4.5見えるシート5ペックフライ,3,35,10,
2026-07-07,胸,足座るところ4.5見えるシート5ペックフライ,4,40,8,
2026-07-07,胸,インクラインダンベルプレス,1,20,8,
2026-07-07,胸,インクラインダンベルプレス,2,20,6,
2026-07-07,胸,インクラインダンベルプレス,3,20,5,
2026-07-07,胸,シート5手4マシンインクラインプレス,1,56,9,
2026-07-07,胸,シート5手4マシンインクラインプレス,2,56,5,
2026-07-07,胸,シート5手4マシンインクラインプレス,3,56,5,
2026-07-07,胸,シート5手4マシンインクラインプレス,4,46,9,
2026-07-07,胸,ベンチプレス,1,90,3,
2026-07-07,胸,ベンチプレス,2,90,3,
2026-07-07,胸,ベンチプレス,3,80,4,
2026-07-07,胸,ベンチプレス,4,80,4,
2026-07-09,肩,フェイスプル,1,15,15,
2026-07-09,肩,フェイスプル,2,15,14,
2026-07-09,肩,フェイスプル,3,20,10,
2026-07-09,肩,フェイスプル,4,20,15,
2026-07-09,肩,座ってやるサイドレイズ,1,6,15,
2026-07-09,肩,座ってやるサイドレイズ,2,6,11,
2026-07-09,肩,座ってやるサイドレイズ,3,6,15,
2026-07-09,肩,座ってやるサイドレイズ,4,6,15,
2026-07-09,肩,アップライトロー,1,40,8,
2026-07-09,肩,アップライトロー,2,40,9,
2026-07-09,肩,アップライトロー,3,40,6,
2026-07-09,肩,アップライトロー,4,40,6,
2026-07-09,肩,ミリタリープレス,1,45,4,
2026-07-09,肩,ミリタリープレス,2,45,3,
2026-07-09,肩,ミリタリープレス,3,45,3,
2026-07-09,肩,ミリタリープレス,4,40,6,
2026-07-09,肩,ダンベルショルダープレス,1,24,8,
2026-07-09,肩,ダンベルショルダープレス,2,24,6,
2026-07-09,肩,ダンベルショルダープレス,3,20,8,
2026-07-09,肩,ダンベルショルダープレス,4,20,7,
2026-07-16,腕,オーバーヘッドエクステンション,1,30,8,
2026-07-16,腕,オーバーヘッドエクステンション,2,30,8,
2026-07-16,腕,オーバーヘッドエクステンション,3,30,8,
2026-07-16,胸,ベンチプレス,1,75,5,
2026-07-16,胸,ベンチプレス,2,75,5,
2026-07-16,胸,ベンチプレス,3,75,5,
2026-07-16,胸,ベンチプレス,4,75,5,
2026-07-16,胸,ベンチプレス,5,75,5,
2026-07-22,胸,ベンチプレス,1,77.5,5,
2026-07-22,胸,ベンチプレス,2,77.5,5,
2026-07-22,胸,ベンチプレス,3,77.5,5,
2026-07-22,胸,ベンチプレス,4,77.5,5,
2026-07-22,胸,ベンチプレス,5,77.5,5,
2026-07-22,胸,インクラインダンベルプレス,1,22,8,
2026-07-22,胸,インクラインダンベルプレス,2,22,5,
2026-07-22,胸,インクラインダンベルプレス,3,20,5,
2026-07-22,胸,足座るところ4.5見えるシート5ペックフライ,1,35,9,
2026-07-22,胸,足座るところ4.5見えるシート5ペックフライ,2,35,7,
2026-07-22,胸,足座るところ4.5見えるシート5ペックフライ,3,35,7,
2026-07-22,肩,マシンサイドレイズ,1,20,15,
2026-07-22,肩,マシンサイドレイズ,2,20,12,
2026-07-22,肩,マシンサイドレイズ,3,15,15,
2026-07-22,腕,ケーブルトライセプスエクステンション,1,40,13,
2026-07-22,腕,ケーブルトライセプスエクステンション,2,40,8,
2026-07-22,腕,ケーブルトライセプスエクステンション,3,35,8,
2026-07-22,腕,ケーブルトライセプスエクステンション,4,35,6,
2026-07-22,腕,ケーブル三頭エクステンション,1,35,5,
2026-07-22,腕,ケーブル三頭エクステンション,2,25,8,
2026-07-22,腕,ケーブル三頭エクステンション,3,25,8,
2026-07-23,脚,バーベルスクワット,1,85,5,
2026-07-23,脚,バーベルスクワット,2,85,5,
2026-07-23,脚,バーベルスクワット,3,80,5,
2026-07-23,脚,マシンレッグプレス,1,60,7,
2026-07-23,脚,マシンレッグプレス,2,55,9,
2026-07-23,脚,マシンレッグプレス,3,55,8,
2026-07-23,脚,レッグカール,1,45,10,
2026-07-23,脚,レッグカール,2,45,8,
2026-07-23,脚,レッグカール,3,40,9,
2026-07-23,背中,荷重チンニング,1,77,7,
2026-07-23,背中,荷重チンニング,2,77,5,
2026-07-23,背中,荷重チンニング,3,77,3,
2026-07-25,胸,ベンチプレス,1,70,8,
2026-07-25,胸,ベンチプレス,2,70,8,
2026-07-25,胸,ベンチプレス,3,70,8,
2026-07-25,胸,チェストプレス,1,56,7,
2026-07-25,胸,チェストプレス,2,56,5,
2026-07-25,背中,Tバーロー,1,65,10,
2026-07-25,背中,Tバーロー,2,65,7,
2026-07-25,背中,Tバーロー,3,60,7,
2026-07-25,背中,ストレートバー反対持ラットプル,1,45,10,
2026-07-25,背中,ストレートバー反対持ラットプル,2,45,9,
2026-07-25,背中,ストレートバー反対持ラットプル,3,45,7,
2026-07-25,腹,アブドミナル,1,55,10,
2026-07-25,腹,アブドミナル,2,55,6,
2026-07-25,腹,アブドミナル,3,45,7,

日付,体重kg
2026-07-24,67